-0.3451,1.6486,-3.1545,1
-3.8356,-1.132,0.0369,0
-1.7864,-0.4417,-1.1862,0
-0.8025,-1.6935,0.244,0
1.1628,2.8659,-0.6564,1
-0.636,0.0955,-0.2949,0
-0.104,-3.1244,0.3718,0
-1.8304,-1.9139,-1.5881,0
2.322,-0.2812,1.1495,1
0.5446,-3.4067,-1.0837,0
1.5159,-1.5314,-1.0903,0
-0.3588,-0.3539,-1.0119,0
-0.6523,-0.957,-2.59,0
1.0053,-1.6227,1.3044,0
-2.3002,-3.1592,1.1876,0
-3.1701,-1.2723,0.5973,0
-0.6593,-3.3109,0.188,0
-0.3886,2.5677,0.5886,1
6.0714,-3.2918,-0.0217,1
-2.1333,2.3095,0.8218,1
1.5081,-1.5547,-0.7452,0
-4.0594,3.419,0.5082,0
-0.5217,1.867,0.7509,1
1.9505,-3.2471,-0.7138,0
0.3909,0.7108,0.9572,1
-2.0173,0.2544,2.2054,0
1.3838,1.7411,-0.0192,1
1.5353,3.608,0.1066,1
2.448,-1.7503,0.5901,1
1.8084,-1.504,1.0981,1
-1.3505,-1.6105,-0.0012,0
3.864,0.6183,0.9358,1
-1.4636,0.155,-1.1766,0
-1.1422,1.6713,-0.0384,1
2.9026,-0.4048,-0.1979,1
2.5534,-1.2972,-1.5198,1
2.6026,0.8284,-2.1652,1
0.0891,-0.8076,1.7448,0
-1.458,-1.1615,-0.9104,0
-2.1081,-1.401,-1.4359,0
-2.0624,-3.2132,-1.4973,0
-3.1194,-1.0423,-0.6837,0
-2.4529,0.9565,-0.0481,0
-0.864,-0.9279,1.5929,0
0.4796,0.9508,-2.586,1
-1.3075,-4.342,-0.4262,0
0.7466,-1.3486,0.5186,0
-2.0455,1.1516,-1.5536,0
-0.5234,0.8396,0.5359,1
-0.2545,3.8794,-0.4144,1
-0.902,-5.519,1.7689,0
-0.738,-2.352,1.3209,0
2.471,0.2167,-1.4349,1
0.838,-1.2428,-1.1708,0
2.0867,-4.2652,0.5672,0
0.9187,4.102,0.3252,1
-4.1169,-1.6722,0.0647,0
0.7111,1.9616,-1.9597,1
-0.6599,1.9397,1.544,1
3.722,-0.7804,1.0976,1
3.4234,2.3961,0.7237,1
1.6556,-1.5798,-1.4472,1
1.9657,-0.6941,-0.0281,1
-1.1574,-0.7858,0.2327,0
-2.0437,0.137,0.2461,0
-0.1547,-1.4873,0.7866,0
3.7453,-1.2025,1.2345,1
1.7785,-5.3065,-0.7612,0
-1.2717,1.5635,0.1885,1
0.9488,1.2726,-0.8989,1
-1.4931,-2.4458,-0.1703,0
-0.2382,0.3424,-0.7273,1
1.813,1.8342,1.5465,1
1.4226,0.371,0.6724,1
1.2195,-1.3036,1.2894,0
3.437,3.9539,0.0352,1
0.6485,0.8327,-0.0025,1
1.2386,-0.2424,-0.1938,1
3.518,0.3294,0.067,1
1.764,0.3007,0.2916,1
-0.1271,-2.4408,-0.031,0
-2.2738,0.4203,-1.1814,0
1.8334,1.4985,0.2804,1
-0.2003,0.8326,-1.965,1
-2.1936,-0.2975,0.3453,0
-0.1588,-2.0092,0.1334,0
-0.9074,-2.1372,0.3295,0
-0.42,2.393,0.6655,1
1.4693,0.6433,-0.8452,1
-1.8713,-2.9423,2.879,0
-2.1589,-0.4197,-0.3604,0
-0.5622,-1.1681,-1.8683,0
-1.9964,-2.7813,-0.1268,0
-1.3684,-1.3744,0.2159,0
-1.1656,1.8642,-0.3862,1
0.4503,-2.6506,0.6569,0
-0.8104,0.8175,0.33,1
-0.3469,0.4349,-0.3853,1
2.6922,1.8686,0.4825,1
-2.3603,-2.1986,-0.6639,0
-0.49,0.896,-0.8965,1
2.3541,0.0072,-2.0128,1
-0.9506,-5.1704,-0.7517,0
-1.0983,-1.2208,-0.3253,0
-0.7882,-1.1875,1.5025,0
2.4298,-2.2837,1.2539,1
-3.2427,-1.6292,1.5252,0
-4.4791,1.1496,-1.2535,0
-0.288,-0.3604,1.6972,0
-1.6212,-0.138,0.627,0
-0.5036,-1.6441,-0.0592,0
0.187,1.7681,-0.9431,1
-0.8983,0.6459,-0.1672,0
-0.3706,-0.034,-0.6958,0
-1.5994,0.8815,-1.0951,0
2.3308,0.4346,-1.2765,1
0.5661,0.3346,0.7622,1
2.3177,-0.7328,-0.7078,1
-1.212,-1.9622,-0.7464,0
0.569,0.0305,-0.4914,1
-1.4765,0.6958,-0.5016,0
-2.0803,-0.3033,-0.2645,0
-2.1401,1.6544,0.846,0
0.0818,0.2621,0.5273,1
-0.0618,1.7826,1.656,1
0.161,0.8805,0.8735,1
-0.6761,-2.2566,0.906,0
-3.1375,3.5777,0.8704,1
0.3754,0.1022,1.7514,1
-1.8925,-2.3204,-0.5981,0
-0.5236,-2.0129,0.1539,0
0.2719,-1.6277,1.6031,0
-2.7841,-2.5534,0.3761,0
-0.415,0.8355,-0.619,1
-2.0667,-1.2911,-0.6836,0
1.05,-0.9599,0.7614,1
1.1762,2.0812,0.9007,1
1.5687,1.5397,-0.5167,1
-0.5238,-3.6603,0.2918,0
-1.3475,0.8031,0.5275,0
-2.7042,-2.0277,-0.3493,0
-1.0352,0.334,-1.1554,0
0.0944,-3.377,-2.1551,0
1.4333,-2.6106,-0.5599,0
-2.8347,-2.8177,-0.3989,0
-0.8203,1.9652,0.4495,1
-0.5222,1.5154,1.1166,1
0.8226,-0.8126,1.0186,1
3.537,1.3211,1.7707,1
1.8532,1.6977,-1.0902,1
-2.2271,-0.099,-1.6695,0
-1.1859,1.7347,-0.6652,1
1.0664,-2.7025,-0.4936,0
2.0469,0.417,0.2903,1
3.4094,2.5936,-0.8769,1
2.6358,-1.2305,-0.0176,1
0.0304,2.1461,-1.1293,1
0.9037,1.048,0.8115,1
-0.4208,2.0068,-0.7115,1
2.2941,0.7045,-1.4001,1
0.8158,0.3586,-0.3557,1
-1.4725,-0.4804,-1.4422,0
3.3814,-2.2566,-0.6613,1
2.2898,1.1701,0.7202,1
3.0334,-0.6243,-1.0465,1
1.6885,1.5926,-0.3269,1
-2.5312,2.4783,0.5758,0
-2.7469,1.5599,-1.441,0
-0.9653,-2.2466,-0.6378,0
-1.6666,-1.2266,0.7243,0
0.5892,1.2575,1.0923,1
-0.7454,0.1598,0.5382,0
3.4135,1.7982,1.3816,1
2.0379,2.1145,-1.7847,1
1.7617,0.4258,0.0542,1
-1.0545,-0.8505,0.4162,0
1.68,-2.9956,0.2181,0
-1.1214,-1.9016,0.3926,0
-0.6574,-1.3181,-0.7692,0
0.5626,-0.0201,-1.0916,1
-1.682,-0.365,0.4051,0
-2.0994,0.9762,-0.824,0
5.4555,-1.882,-0.7901,1
0.388,-1.8048,0.8276,0
3.6028,-0.7752,0.1728,1
-1.0355,-0.0001,1.4317,0
1.7885,-1.8084,1.5459,0
2.3241,0.9727,-0.6592,1
0.1314,-1.5909,0.4676,0
-0.6329,-4.4699,0.9262,0
0.3829,2.157,-0.1362,1
0.3769,2.2307,0.3878,1
0.576,6.4288,-0.169,1
0.3384,3.4681,-0.805,1
-2.082,-2.8641,0.5337,0
1.2513,1.483,-1.3536,1
2.0117,2.3945,-0.0973,1
0.0651,1.3512,0.3671,1
1.2839,-2.1722,-0.1746,0
-2.4249,1.2626,0.5302,0
